CL,CD,aoa
0.167183673469388,0.0319406307977737,0
0.50404452690167,0.0423896103896104,5
0.799109461966605,0.0749239332096475,10
0.961899814471243,0.102411873840445,13
1.0636586270872,0.123250463821892,15
1.16126159554731,0.146166975881262,17
1.25304638218924,0.170152133580705,19
1.33818181818182,0.196037105751391,21
1.10604823747681,0.236705009276438,23
